application,run_number,deployment_success,execution_time_seconds,config_files,config_lines,cold_start,recovery_time_seconds,fault_scenario,notes
baseline-app,1,,,,,,,,
baseline-app,2,,,,,,,,
baseline-app,3,,,,,,,,
baseline-app,4,,,,,,,,
baseline-app,5,,,,,,,,
baseline-app,6,,,,,,,,
baseline-app,7,,,,,,,,
baseline-app,8,,,,,,,,
baseline-app,9,,,,,,,,
baseline-app,10,,,,,,,,
opensource-app-1,1,,,,,,,,
opensource-app-1,2,,,,,,,,
opensource-app-1,3,,,,,,,,
opensource-app-1,4,,,,,,,,
opensource-app-1,5,,,,,,,,
opensource-app-1,6,,,,,,,,
opensource-app-1,7,,,,,,,,
opensource-app-1,8,,,,,,,,
opensource-app-1,9,,,,,,,,
opensource-app-1,10,,,,,,,,
opensource-app-2,1,,,,,,,,
opensource-app-2,2,,,,,,,,
opensource-app-2,3,,,,,,,,
opensource-app-2,4,,,,,,,,
opensource-app-2,5,,,,,,,,
opensource-app-2,6,,,,,,,,
opensource-app-2,7,,,,,,,,
opensource-app-2,8,,,,,,,,
opensource-app-2,9,,,,,,,,
opensource-app-2,10,,,,,,,,
